<?xml version="1.0" encoding="UTF-8"?>
<project-private xmlns="http://www.netbeans.org/ns/project-private/1">
    <editor-bookmarks xmlns="http://www.netbeans.org/ns/editor-bookmarks/2" lastBookmarkId="0"/>
    <open-files xmlns="http://www.netbeans.org/ns/projectui-open-files/2">
        <group>
            <file>file:/home/christ/NetBeansProjects/Gestion_Hotel/src/Vue/Payement.java</file>
            <file>file:/home/christ/NetBeansProjects/Gestion_Hotel/src/Vue/Connexion.java</file>
            <file>file:/home/christ/NetBeansProjects/Gestion_Hotel/src/Vue/Menue.java</file>
            <file>file:/home/christ/NetBeansProjects/Gestion_Hotel/src/Vue/Run.java</file>
            <file>file:/home/christ/NetBeansProjects/Gestion_Hotel/src/Model/Client_Model.java</file>
            <file>file:/home/christ/NetBeansProjects/Gestion_Hotel/src/Model/Database_conection.java</file>
            <file>file:/home/christ/NetBeansProjects/Gestion_Hotel/src/Vue/Chambres.java</file>
            <file>file:/home/christ/NetBeansProjects/Gestion_Hotel/src/Vue/Loisir.java</file>
            <file>file:/home/christ/NetBeansProjects/Gestion_Hotel/src/Vue/Clients.java</file>
            <file>file:/home/christ/NetBeansProjects/Gestion_Hotel/src/Model/Database_requests.java</file>
            <file>file:/home/christ/NetBeansProjects/Gestion_Hotel/src/Controleur/Client_controleur.java</file>
        </group>
    </open-files>
</project-private>
